{"2":{"sol":{"time":{"time":1493276670,"sec":0.9999735355377197},"rr":[-2170112.642480727,4385064.597197553,4078167.5537224086,0,0,0],"pos":[40.00149643262995,116.33022191092748,85.09565750788897],"dtr":[0.00002644044075969649,0,0],"type":0,"stat":1,"qr":[[29.686127570307093,-30.285631384946324,-8.424558599630341,-25.75799277299142],[-30.285631384946324,61.47363975208764,23.367387763875918,49.464428775826306],[-8.424558599630341,23.36738776387592,22.48993066082408,24.22699793885649],[-25.75799277299142,49.464428775826306,24.22699793885649,44.83190984007418]],"ns":7,"dop":[3.262560985267184,2.7861930995710713,1.4303735443417223,2.39100470759569],"HPL":133.1654987798765,"VPL":56.0279225634051,"ex":"G11","azel":[5.386212722460738,0.8971901670719843,4.023188613171059,1.3877246491179556,4.338265284022967,0.523021214928757,3.280497376218738,0.4747470104768465,1.2694008321626524,0.6029067740730575,3.6993481777783077,0.3346175752945624,1.5367395672331974,0.19764790702736404,0.8112374939508308,1.0443700633534774,0,0,0,0,0,0],"resp":[0.24670478701591492,-0.34053729847073555,-0.11555871367454529,0.9828769601881504,-0.3712419159710407,-0.976786095649004,0,0.2772034928202629,0,0,0],"svh":[0,0,0,0,0,0,0,0,1,1,1],"navsys":[0]},"count":14,"mean":[-2170112.0954166553,4385062.6075243335,4078169.428783737,0.0006705071568205777,0.0008206043933033255,0.003037180357710919],"sigma":[0,0,0,0]}}