{"0":{"rr":{"0":[-2170108.893369458,4385058.493088506,4078166.4055869076,0,0,0],"1":[-2170125.1702589085,4385067.083245947,4078190.463885379,0,0,0],"2":[-2170109.6771961916,4385062.859463206,4078168.1645830995,0,0,0],"3":[-2170109.623371323,4385060.136074986,4078169.0625703014,0,0,0]},"count":{"0":10290,"1":3455,"2":10311,"3":9834},"mean":{"0":[-2170110.914617934,4385060.952409766,4078168.0539058065,0.9640646197064592,1.6425318538069194,0.9401771836429671],"1":[-2170110.530731789,4385066.6811437635,4078175.5644351775,1.4711783035623534,1.4167916517378145,9.859639266634163],"2":[-2170109.621775914,4385064.822554286,4078168.4018834336,1.5392924708420919,3.142783632001546,1.4664634058815158],"3":[-2170110.4598335945,4385061.876375715,4078169.3746693837,0.8168590695603286,1.3066008353526741,0.7845299538606392]},"sigma":{"0":[0.8239076766787576,-0.5707439844934028,0.33328824823768183,2.216136187413681],"1":[59.019725353094096,-139.6767158799838,5224212.11020233,48848911.29995928],"2":[87.51988098170163,68.04830685652593,7751977.824780705,4903000.380881436],"3":[53.32876791776139,1.7208969607745979,1596501.169386588,9229.533881089403]}}}