{"0":{"rr":{"0":[-2170112.1732933526,4385063.721546251,4078168.697192965,0,0,0],"1":[-2170111.8213663837,4385070.913388064,4078176.878176521,0,0,0],"2":[-2170106.536419861,4385056.162287375,4078164.4669004297,0,0,0],"3":[-2170110.9182820446,4385063.671600453,4078168.3257526425,0,0,0]},"count":{"0":60734,"1":52093,"2":61462,"3":58697},"mean":{"0":[-2170111.148021064,4385061.416289299,4078166.4009257006,1.4755932322814096,4.125223937942934,3.69829493998638],"1":[-2170111.803201207,4385064.597604095,4078166.8071719105,86.75215516306915,304.17675989942563,231.71956370471335],"2":[-2170110.7662404757,4385062.4296688475,4078167.564087133,2.098038465744042,5.164203284715851,2.1076763784502397],"3":[-2170111.0360428374,4385062.075699731,4078167.138635424,1.432355964767385,2.953322049869069,3.4594270546602752]},"sigma":{"0":[248.18240466147105,-379.36692641712625,1280501966.8741748,7049572982.295419],"1":[99.5787031353605,105.4137830089749,105810962.77811335,211032512.48222026],"2":[15.941835367013606,10.263771059015408,1293549.6026998824,818173.4194985152],"3":[10.423650713017768,-0.7936564078916948,254355.73051762744,1522.1634166573826]}}}