{"0":{"rr":{"0":[-2170105.5429750285,4385051.411330117,4078160.1482993583,0,0,0],"1":[-2169973.522923664,4384820.1704986,4078067.0419289875,0,0,0],"2":[-2170107.95373747,4385058.450485406,4078165.672694788,0,0,0],"3":[-2170066.754736165,4384925.867680649,4078138.3693670477,0,0,0]},"count":{"0":59634,"1":50973,"2":60447,"3":57581},"mean":{"0":[-2170111.136823286,4385061.408625102,4078166.388495937,1.4859113793829035,4.161248367641667,3.7245467319911425],"1":[-2170111.748982702,4385064.367524722,4078166.498276022,88.46496920647921,308.17120464677,232.23074721858242],"2":[-2170110.8247071328,4385062.504496734,4078167.6088161985,1.8831020431830878,4.787413490664189,2.003106728035094],"3":[-2170111.045609024,4385062.064941497,4078167.1314354776,1.447462356745829,2.977432849863181,3.510930110211244]},"sigma":{"0":[252.7404290601625,-386.381815560502,1304120374.791085,7179603471.933596],"1":[101.65941844394052,107.35116791351378,108135638.36082779,215669140.8501915],"2":[16.192589426046652,10.57998572543613,1317464.218304642,833295.8890271942],"3":[10.607973483819602,-0.819521514341158,259301.64099668464,1551.669365518306]}}}