{"4":{"rr":{"0":[-1766783.899990035,4148451.7188259424,3408916.329715051,0,0,0],"1":[-4180575.794540677,6550064.47513348,5736176.533001669,0,0,0],"2":[-2170110.591022701,4385062.875573367,4078166.5281946776,0,0,0],"3":[-2170111.0662483494,4385061.597095982,4078165.779707939,0,0,0]},"count":{"0":0,"1":0,"2":0,"3":0},"mean":{"0":[-2170111.5492262333,4385060.94656321,4078164.0315729477,0,0,0],"1":[-4180575.794540677,6550064.47513348,5736176.533001669,0,0,0],"2":[-2170110.4712302014,4385062.6782069225,4078166.4691578895,0,0,0],"3":[-2170111.0662483494,4385061.597095982,4078165.779707939,0,0,0]},"sigma":{"0":[0,0,0,0],"1":[0,0,0,0],"2":[0,0,0,0],"3":[0,0,0,0]}},"beijing-thu":{"rr":{"0":[-2170110.754201226,4385060.894521742,4078167.9480224727,0,0,0],"1":[-2171201.739966598,4387519.413618478,4079633.454758138,0,0,0],"2":[-2170108.1724047116,4385061.171791671,4078163.8393189902,0,0,0],"3":[-2170310.1386243897,4385308.786003227,4078258.3463952797,0,0,0]},"count":{"0":0,"1":0,"2":0,"3":0},"mean":{"0":[-2170112.3353930884,4385061.44217168,4078166.7341432828,0,0,0],"1":[-2170129.152654803,4385116.3041574275,4078203.9380900078,0,0,0],"2":[-2170107.6542258407,4385060.8837532075,4078166.179530754,0,0,0],"3":[-2170111.585682388,4385062.517980658,4078167.9308863445,0,0,0]},"sigma":{"0":[2.0629877689587808,-0.1329372522036958,0,0],"1":[41.13181944032712,-192.56591869033855,0,0],"2":[2.133085224996509,-1.130492822520283,0,0],"3":[1.154463453382357,-3.558270412239235,0,0]}}}