{"0":{"rr":{"0":[-2170111.7325463495,4385062.894494134,4078167.746941078,0,0,0],"1":[-2170103.589683651,4385052.697688269,4078169.31213207,0,0,0],"2":[-2170106.9398703724,4385056.283222566,4078163.9264886533,0,0,0],"3":[-2170109.9971889746,4385060.791814772,4078166.9095160947,0,0,0]},"count":{"0":0,"1":0,"2":0,"3":0},"mean":{"0":[-2170112.0887688054,4385062.661936435,4078167.612587926,0,0,0],"1":[-2170126.5904504494,4385060.340775765,4078156.9208774613,0,0,0],"2":[-2170110.795742526,4385065.570071366,4078167.9683852163,0,0,0],"3":[-2170112.7743751802,4385062.836153753,4078166.9840363706,0,0,0]},"sigma":{"0":[0.4282578327912341,0.12499407812854912,0,0],"1":[26.739747288979835,-5.097172301043073,0,0],"2":[3.4184444813826755,-10.28418571602236,0,0],"3":[2.48221334444998,-2.395048073162625,0,0]}}}