{"0":{"rr":{"0":[-2170111.5622633686,4385062.843434048,4078168.4156569485,0,0,0],"1":[-2170127.464280352,4385053.223724322,4078171.1604093076,0,0,0],"2":[-2170109.5588369044,4385062.149301655,4078168.336022196,0,0,0],"3":[-2170111.480591587,4385062.863620771,4078168.468396309,0,0,0]},"count":{"0":0,"1":0,"2":0,"3":0},"mean":{"0":[-2170112.3353930884,4385061.44217168,4078166.7341432828,0,0,0],"1":[-2170129.152654803,4385116.3041574275,4078203.9380900078,0,0,0],"2":[-2170107.6542258407,4385060.8837532075,4078166.179530754,0,0,0],"3":[-2170111.585682388,4385062.517980658,4078167.9308863445,0,0,0]},"sigma":{"0":[1.489788416710434,1.7802484290648972,0,0],"1":[28.942352705023627,-64.95158366811918,0,0],"2":[1.2069980838851844,2.9022003961290483,0,0],"3":[0.3465528852691992,0.5471098823833701,0,0]}}}