{"0":{"sol":{"time":{"time":1482409165,"sec":0.9999947547912598},"rr":[-2170110.1381140123,4385059.426635494,4078164.193285049,1.2727356577612228e-8,-5.344714790888035e-8,3.519481975791846e-9],"pos":[40.001506507688894,116.33022248271426,78.5347702940926],"dtr":[0.000005185667693156636,0,0],"type":0,"stat":1,"qr":[[12.619902317584925,-17.752792370825713,-6.851085027177275,-16.574936011158396],[-17.75279237082571,46.55859177660254,13.565277709158567,39.58400663235471],[-6.851085027177275,13.565277709158568,10.64924680866418,12.641472158815395],[-16.574936011158393,39.58400663235471,12.641472158815395,35.11415874253097]],"ns":9,"dop":[3.0783977053982126,2.5359950076598916,1.4050813456880982,2.1111648658679445],"HPL":225.69801102560328,"VPL":89.44114654433662,"ex":"","azel":[4.223765561010327,0.7943546258953433,4.959783089990365,0.44405623290366514,6.20814220213149,1.0016157944040378,5.470671676406725,0.5636328412904121,2.527870002774501,0.6769208184775402,3.9028586714798714,0.5575611361423375,3.2953084492229268,0.7558169002079418,2.1573087532601423,0.4574347197645317,4.300061708669445,0.25273424705080966,3.2481801911901322,0.4503406721802109,6.097998428515605,1.308941451707519,3.668747196480076,0.7844743322323794,5.008818261467174,0.9972439601398965,0,0,0,0],"resp":[0,0,0,0,2.3001859709620476,0.9721753895282745,-1.9128204360604286,-1.1114166006445885,0.3324533626437187,-0.6580264419317245,0.11480595171451569,0.4081278145313263,-0.38887419551610947,0,0],"svh":[0,0,0,0,0,0,0,0,0,0,0,0,0,1,1],"navsys":[2]},"count":9421,"mean":[-2170110.8387061874,4385061.457906085,4078165.1971585276,0.380798339947332,1.2641044538676232,0.5198422198515557],"sigma":[0.4045771083326551,-0.2217228915838558,0.18982428199473728,1.0787883931801738]},"2":{"sol":{"time":{"time":1492884279,"sec":0.999957799911499},"rr":[-2170111.452759036,4385063.11524327,4078166.830311239,0,0,0],"pos":[40.00150218601242,116.33021712155652,83.20897315815091],"dtr":[0.00004230700101126119,0,9.781706604599563e-7],"type":0,"stat":1,"qr":[[3.828018778304098,-4.242777447299454,-2.6310349745177875,-4.341018247671946,0.08088549782744502],[-4.242777447299454,10.840371327715177,3.966755282391772,8.719053612798975,0.8120328318975909],[-2.6310349745177875,3.966755282391772,6.797783206985757,5.414323164850079,-1.04676712675337],[-4.341018247671946,8.719053612798975,5.414323164850079,9.114540194385523,-0.9958591652403642],[0.08088549782744502,0.8120328318975909,-1.0467671267533702,-0.9958591652403642,2.3079331069688136]],"ns":16,"dop":[1.883359403581891,1.5955104831544684,0.8574026939139593,1.3455535375171406],"HPL":30.38377420365575,"VPL":14.739885527009415,"ex":"C3","azel":[2.158444773470481,0.9107168085523324,0.5375420293441345,1.1692287741813954,2.175927995594944,0.13132338698361817,0.8116462372045075,0.19571893667441456,3.036081093650209,1.0356322676502625,3.679388128313221,0.5185542824591999,4.929559571824512,0.8130582283467431,4.905936276644943,0.8139104716693798,1.454113981846969,0.34297480610559805,0,0,0,0,0,0,2.558746762746635,0.6325033935030688,3.934998251787877,0.5971509733527146,3.3002810746064175,0.7482011007499056,2.171370057900475,0.440339176377191,4.3495703152317144,0.2988594508328839,4.366540450077229,1.31688048159239,2.8317218515848257,0.9128938176566463,4.125983388157735,0.8584642016263911,5.114376834886184,0.8471279620918054],"resp":[0.9670920446515083,-0.3699790835380554,0,0,-0.6316442713141441,0.5394051596522331,0.5675179176032543,-0.46349600329995155,-0.674382247030735,0,0,0,0.926520399232686,-1.4624649440447683,-1.5332710822622175,0.009003512044728268,0.5464899087746744,-0.21822477928799344,0.4131356696088915,1.204057089467824,0.16574067570763873],"svh":[0,0,0,0,0,0,0,0,0,1,1,1,0,0,0,0,0,0,0,0,0],"navsys":[2,0]},"count":14,"mean":[-2170112.0954166553,4385062.6075243335,4078169.428783737,0.0006705071568205777,0.0008206043933033255,0.003037180357710919],"sigma":[0,0,0,0]}}